quantity,value
cost_scale,3222.235121770695
geometry_n_dim,11
geometry_R,1.0
geometry_diam,22.561028345356956
geometry_p_bar,1.548808263905628e-09
geometry_L,28071.905325148466
geometry_Cbar,-661422.6094017513
ell_hat,-252.1802094946994
ell_hat_se,8.526512829121202e-15
tight_iter,3600
tight_lb,10.24963865563038
tight_ub,83.64852929862126
tight_gap_pct,87.7467796008228
best_lb_independent,10.736993042497609
best_ub_independent,71.83867756168671
myopic_cost,110.33874520345672
myopic_cost_se,11.638209817350992
psmd_vs_myopic_pct,34.89260963660467
